{
  "time": "2026-07-08 18:46:16",
  "source": "upload",
  "raw_image": "upload_20260708_184616_812.webp",
  "result_image": "result_20260708_184616_850.jpg",
  "json_file": "result_20260708_184616_850.json",
  "txt_file": "result_20260708_184616_850.txt",
  "image_size": {
    "width": 474,
    "height": 266
  },
  "confidence_threshold": 0.35,
  "objects": [
    {
      "class_id": 1,
      "class_name": "fire_extinguisher",
      "confidence": 0.6579,
      "box_xyxy": {
        "x1": 169.92,
        "y1": 211.78,
        "x2": 203.56,
        "y2": 266.0
      },
      "box_yolo_normalized": {
        "cx": 0.393969,
        "cy": 0.898083,
        "w": 0.070964,
        "h": 0.203835
      }
    },
    {
      "class_id": 1,
      "class_name": "fire_extinguisher",
      "confidence": 0.5766,
      "box_xyxy": {
        "x1": 191.93,
        "y1": 172.57,
        "x2": 251.08,
        "y2": 247.43
      },
      "box_yolo_normalized": {
        "cx": 0.467317,
        "cy": 0.789469,
        "w": 0.124782,
        "h": 0.281419
      }
    },
    {
      "class_id": 0,
      "class_name": "drone",
      "confidence": 0.4657,
      "box_xyxy": {
        "x1": 97.3,
        "y1": 62.59,
        "x2": 156.2,
        "y2": 82.73
      },
      "box_yolo_normalized": {
        "cx": 0.267405,
        "cy": 0.273159,
        "w": 0.124281,
        "h": 0.075697
      }
    }
  ]
}